{"accuracy": [0.04319852963089943, 0.03952205926179886, 0.09972426295280457, 0.14889705181121826, 0.24080882966518402, 0.3327205777168274, 0.4149816036224365, 0.453125, 0.4788602888584137, 0.5261948704719543, 0.5602021813392639, 0.5978860259056091, 0.603400707244873, 0.609375, 0.6410845518112183, 0.6649816036224365, 0.6433823704719543, 0.6585478186607361, 0.665900707244873, 0.7132353186607361, 0.7118566036224365, 0.7297794222831726, 0.7136948704719543, 0.7329963445663452, 0.7173713445663452], "loss": [3.6225478649139404, 3.545851945877075, 3.2616469860076904, 2.9667439460754395, 2.580976724624634, 2.246264696121216, 1.962878704071045, 1.854811191558838, 1.7127822637557983, 1.5763330459594727, 1.4418721199035645, 1.3311864137649536, 1.293837308883667, 1.263636827468872, 1.1472049951553345, 1.0847822427749634, 1.1656116247177124, 1.104209303855896, 1.0598878860473633, 0.929220974445343, 0.9292557835578918, 0.865236759185791, 0.8808397054672241, 0.8411228060722351, 0.8256494998931885], "val_accuracy": [0.03492647036910057, 0.09558823704719543, 0.17463235557079315, 0.1930147111415863, 0.3125, 0.2977941036224365, 0.46507352590560913, 0.4852941036224365, 0.5073529481887817, 0.5441176295280457, 0.560661792755127, 0.5036764740943909, 0.5974264740943909, 0.6029411554336548, 0.6158088445663452, 0.6672794222831726, 0.6801470518112183, 0.7261029481887817, 0.6838235259056091, 0.7334558963775635, 0.6930146813392639, 0.658088207244873, 0.6911764740943909, 0.7279411554336548, 0.7463235259056091], "val_loss": [3.6332430839538574, 3.381751537322998, 3.0139856338500977, 2.8308775424957275, 2.3572254180908203, 2.330085039138794, 1.7203304767608643, 1.746711015701294, 1.5202529430389404, 1.5129278898239136, 1.389072299003601, 1.6787341833114624, 1.3460993766784668, 1.2659062147140503, 1.212276577949524, 1.1042391061782837, 1.1249548196792603, 0.8961473107337952, 1.0590530633926392, 0.8546320796012878, 0.9421595335006714, 1.0638155937194824, 0.8859058618545532, 0.8263804316520691, 0.7887670993804932]}